ID,Pred
2021_3104_3112,0.2742027
2021_3104_3116,0.5633899
2021_3104_3124,0.02262736
2021_3104_3125,0.83129716
2021_3104_3133,0.89877385
2021_3104_3140,0.6376969
2021_3104_3141,0.63741374
2021_3104_3163,0.009529023
2021_3104_3180,0.9873656
2021_3104_3195,0.24319276
2021_3104_3199,0.393439
2021_3104_3208,0.09359288
2021_3104_3210,0.34110743
2021_3104_3211,0.3319782
2021_3104_3219,0.99831086
2021_3104_3226,0.5363795
2021_3104_3231,0.06700019
2021_3104_3234,0.48203054
2021_3104_3235,0.24232455
2021_3104_3238,0.9718164
2021_3104_3246,0.15528502
2021_3104_3250,0.96184415
2021_3104_3257,0.08653995
2021_3104_3265,0.9823901
2021_3104_3266,0.7081946
2021_3104_3268,0.08272212
2021_3104_3273,0.99735194
2021_3104_3276,0.078931645
2021_3104_3277,0.07363839
2021_3104_3283,0.22817053
2021_3104_3291,0.98975575
2021_3104_3292,0.7706229
2021_3104_3299,0.9977245
2021_3104_3301,0.072625756
2021_3104_3314,0.19352837
2021_3104_3321,0.13699047
2021_3104_3329,0.10684786
2021_3104_3332,0.3264784
2021_3104_3333,0.9050556
2021_3104_3353,0.20931911
2021_3104_3355,0.32445416
2021_3104_3372,0.49200514
2021_3104_3376,0.030766696
2021_3104_3377,0.4411637
2021_3104_3378,0.86367124
2021_3104_3390,0.032394078
2021_3104_3392,0.9943247
2021_3104_3393,0.3176079
2021_3104_3397,0.09327387
2021_3104_3400,0.15882023
2021_3104_3401,0.11285827
2021_3104_3407,0.9524652
2021_3104_3413,0.77915186
2021_3104_3416,0.90016055
2021_3104_3417,0.26090872
2021_3104_3430,0.9994375
2021_3104_3433,0.99129826
2021_3104_3439,0.25300494
2021_3104_3448,0.3637686
2021_3104_3450,0.8556822
2021_3104_3452,0.23804863
2021_3104_3460,0.97721905
2021_3104_3461,0.96569353
2021_3112_3116,0.95223767
2021_3112_3124,0.1587132
2021_3112_3125,0.55658567
2021_3112_3133,0.76651037
2021_3112_3140,0.591358
2021_3112_3141,0.8685305
2021_3112_3163,0.013461109
2021_3112_3180,0.87148124
2021_3112_3195,0.41268298
2021_3112_3199,0.7695211
2021_3112_3208,0.7017421
2021_3112_3210,0.5623104
2021_3112_3211,0.085767575
2021_3112_3219,0.99255866
2021_3112_3226,0.7030429
2021_3112_3231,0.6988664
2021_3112_3234,0.90483093
2021_3112_3235,0.6525007
2021_3112_3238,0.91397727
2021_3112_3246,0.4750415
2021_3112_3250,0.82453316
2021_3112_3257,0.41799656
2021_3112_3265,0.91138023
2021_3112_3266,0.7922281
2021_3112_3268,0.46363822
2021_3112_3273,0.99441147
2021_3112_3276,0.6548045
2021_3112_3277,0.6536247
2021_3112_3283,0.37941667
2021_3112_3291,0.9539198
2021_3112_3292,0.87001956
2021_3112_3299,0.9957487
2021_3112_3301,0.675366
2021_3112_3314,0.57067764
2021_3112_3321,0.78171724
2021_3112_3329,0.7282968
2021_3112_3332,0.16860159
2021_3112_3333,0.9118484
2021_3112_3353,0.27434126
2021_3112_3355,0.47335532
2021_3112_3372,0.26192504
2021_3112_3376,0.44711134
2021_3112_3377,0.4365743
2021_3112_3378,0.47310555
2021_3112_3390,0.035058808
2021_3112_3392,0.9140494
2021_3112_3393,0.86438274
2021_3112_3397,0.4660908
2021_3112_3400,0.67064553
2021_3112_3401,0.7504595
2021_3112_3407,0.9953607
2021_3112_3413,0.6207686
2021_3112_3416,0.51539725
2021_3112_3417,0.30443734
2021_3112_3430,0.99418265
2021_3112_3433,0.9460897
2021_3112_3439,0.5163745
2021_3112_3448,0.39391884
2021_3112_3450,0.7462265
2021_3112_3452,0.927218
2021_3112_3460,0.8935403
2021_3112_3461,0.7861374
2021_3116_3124,0.003241845
2021_3116_3125,0.69632953
2021_3116_3133,0.8440119
2021_3116_3140,0.3952846
2021_3116_3141,0.62717986
2021_3116_3163,0.0017105734
2021_3116_3180,0.97166705
2021_3116_3195,0.14107841
2021_3116_3199,0.3425749
2021_3116_3208,0.03239217
2021_3116_3210,0.18505426
2021_3116_3211,0.12221258
2021_3116_3219,0.9972065
2021_3116_3226,0.2783107
2021_3116_3231,0.012945475
2021_3116_3234,0.5608988
2021_3116_3235,0.28426728
2021_3116_3238,0.94041765
2021_3116_3246,0.15332732
2021_3116_3250,0.975059
2021_3116_3257,0.022690738
2021_3116_3265,0.97026116
2021_3116_3266,0.45596728
2021_3116_3268,0.018559877
2021_3116_3273,0.99443585
2021_3116_3276,0.049369488
2021_3116_3277,0.061630506
2021_3116_3283,0.05552687
2021_3116_3291,0.97971696
2021_3116_3292,0.697162
2021_3116_3299,0.9946485
2021_3116_3301,0.011956955
2021_3116_3314,0.20596346
2021_3116_3321,0.07281223
2021_3116_3329,0.04925842
2021_3116_3332,0.21543613
2021_3116_3333,0.89169186
2021_3116_3353,0.05645724
2021_3116_3355,0.14673918
2021_3116_3372,0.36381423
2021_3116_3376,0.013998191
2021_3116_3377,0.2731411
2021_3116_3378,0.6205202
2021_3116_3390,0.004839878
2021_3116_3392,0.9912806
2021_3116_3393,0.30795226
2021_3116_3397,0.049883883
2021_3116_3400,0.105322495
2021_3116_3401,0.022809181
2021_3116_3407,0.9042473
2021_3116_3413,0.54272497
2021_3116_3416,0.6815225
2021_3116_3417,0.061123125
2021_3116_3430,0.99903524
2021_3116_3433,0.9810453
2021_3116_3439,0.2410479
2021_3116_3448,0.43068245
2021_3116_3450,0.80344117
2021_3116_3452,0.118219465
2021_3116_3460,0.9448224
2021_3116_3461,0.93288547
2021_3124_3125,0.97446865
2021_3124_3133,0.99422777
2021_3124_3140,0.94147575
2021_3124_3141,0.99680114
2021_3124_3163,0.15487978
2021_3124_3180,0.99390966
2021_3124_3195,0.93833363
2021_3124_3199,0.95557487
2021_3124_3208,0.9008342
2021_3124_3210,0.92713934
2021_3124_3211,0.8192566
2021_3124_3219,0.9997403
2021_3124_3226,0.9513436
2021_3124_3231,0.82744116
2021_3124_3234,0.9984091
2021_3124_3235,0.9798816
2021_3124_3238,0.9956896
2021_3124_3246,0.9361419
2021_3124_3250,0.99884474
2021_3124_3257,0.88122505
2021_3124_3265,0.99576706
2021_3124_3266,0.96158844
2021_3124_3268,0.9315842
2021_3124_3273,0.9992882
2021_3124_3276,0.9537032
2021_3124_3277,0.9522862
2021_3124_3283,0.9055625
2021_3124_3291,0.99773216
2021_3124_3292,0.9945403
2021_3124_3299,0.99873996
2021_3124_3301,0.81615776
2021_3124_3314,0.94859874
2021_3124_3321,0.9286484
2021_3124_3329,0.86720747
2021_3124_3332,0.91155696
2021_3124_3333,0.9969358
2021_3124_3353,0.6508634
2021_3124_3355,0.94256043
2021_3124_3372,0.83111864
2021_3124_3376,0.7556601
2021_3124_3377,0.9512419
2021_3124_3378,0.9575569
2021_3124_3390,0.270313
2021_3124_3392,0.9982954
2021_3124_3393,0.98385733
2021_3124_3397,0.8731605
2021_3124_3400,0.94486433
2021_3124_3401,0.8573601
2021_3124_3407,0.9993993
2021_3124_3413,0.95485574
2021_3124_3416,0.96068853
2021_3124_3417,0.78292185
2021_3124_3430,0.99980724
2021_3124_3433,0.9973949
2021_3124_3439,0.9632062
2021_3124_3448,0.94113386
2021_3124_3450,0.9867011
2021_3124_3452,0.9836791
2021_3124_3460,0.99328846
2021_3124_3461,0.9874936
2021_3125_3133,0.91125447
2021_3125_3140,0.5254104
2021_3125_3141,0.6583013
2021_3125_3163,0.009159414
2021_3125_3180,0.9276449
2021_3125_3195,0.17976539
2021_3125_3199,0.46798387
2021_3125_3208,0.108413376
2021_3125_3210,0.2432675
2021_3125_3211,0.091294415
2021_3125_3219,0.98212135
2021_3125_3226,0.48716357
2021_3125_3231,0.09399194
2021_3125_3234,0.23897873
2021_3125_3235,0.10913047
2021_3125_3238,0.8869402
2021_3125_3246,0.051426634
2021_3125_3250,0.8518539
2021_3125_3257,0.028597362
2021_3125_3265,0.81475246
2021_3125_3266,0.66293555
2021_3125_3268,0.011864426
2021_3125_3273,0.9853984
2021_3125_3276,0.122700356
2021_3125_3277,0.108523265
2021_3125_3283,0.14749075
2021_3125_3291,0.9231176
2021_3125_3292,0.7508911
2021_3125_3299,0.98899883
2021_3125_3301,0.026173044
2021_3125_3314,0.17816547
2021_3125_3321,0.26479423
2021_3125_3329,0.21437852
2021_3125_3332,0.22251718
2021_3125_3333,0.7812765
2021_3125_3353,0.12708187
2021_3125_3355,0.3445645
2021_3125_3372,0.20348637
2021_3125_3376,0.018619603
2021_3125_3377,0.41660455
2021_3125_3378,0.70386225
2021_3125_3390,0.018131796
2021_3125_3392,0.95848364
2021_3125_3393,0.30806637
2021_3125_3397,0.07094809
2021_3125_3400,0.16756764
2021_3125_3401,0.051891975
2021_3125_3407,0.95758736
2021_3125_3413,0.4444146
2021_3125_3416,0.77238446
2021_3125_3417,0.17146093
2021_3125_3430,0.9951721
2021_3125_3433,0.980696
2021_3125_3439,0.18880574
2021_3125_3448,0.15097314
2021_3125_3450,0.83780694
2021_3125_3452,0.18723735
2021_3125_3460,0.921148
2021_3125_3461,0.9194577
2021_3133_3140,0.119768016
2021_3133_3141,0.30576187
2021_3133_3163,0.0014107961
2021_3133_3180,0.75284386
2021_3133_3195,0.02111355
2021_3133_3199,0.47150663
2021_3133_3208,0.06671341
2021_3133_3210,0.19174793
2021_3133_3211,0.014101982
2021_3133_3219,0.86029524
2021_3133_3226,0.114907846
2021_3133_3231,0.047704514
2021_3133_3234,0.131188
2021_3133_3235,0.06845777
2021_3133_3238,0.49224085
2021_3133_3246,0.037141077
2021_3133_3250,0.31497383
2021_3133_3257,0.007674507
2021_3133_3265,0.61758834
2021_3133_3266,0.18714777
2021_3133_3268,0.0046510207
2021_3133_3273,0.9055971
2021_3133_3276,0.048750326
2021_3133_3277,0.0999103
2021_3133_3283,0.028133545
2021_3133_3291,0.6002146
2021_3133_3292,0.27969795
2021_3133_3299,0.9756219
2021_3133_3301,0.01586757
2021_3133_3314,0.10172429
2021_3133_3321,0.28641874
2021_3133_3329,0.16718659
2021_3133_3332,0.04012306
2021_3133_3333,0.5212065
2021_3133_3353,0.024847576
2021_3133_3355,0.04799293
2021_3133_3372,0.04802953
2021_3133_3376,0.008897077
2021_3133_3377,0.06579597
2021_3133_3378,0.43833435
2021_3133_3390,0.0037374187
2021_3133_3392,0.85149413
2021_3133_3393,0.24323787
2021_3133_3397,0.04613097
2021_3133_3400,0.1336934
2021_3133_3401,0.032575518
2021_3133_3407,0.7844995
2021_3133_3413,0.17121214
2021_3133_3416,0.69818664
2021_3133_3417,0.060422502
2021_3133_3430,0.9747294
2021_3133_3433,0.8676875
2021_3133_3439,0.075260796
2021_3133_3448,0.16029885
2021_3133_3450,0.6443542
2021_3133_3452,0.1285539
2021_3133_3460,0.6630861
2021_3133_3461,0.71169496
2021_3140_3141,0.76245147
2021_3140_3163,0.012440711
2021_3140_3180,0.8912929
2021_3140_3195,0.19112541
2021_3140_3199,0.46496907
2021_3140_3208,0.19791102
2021_3140_3210,0.29556268
2021_3140_3211,0.098312765
2021_3140_3219,0.97615033
2021_3140_3226,0.44653198
2021_3140_3231,0.22834112
2021_3140_3234,0.4736662
2021_3140_3235,0.22169347
2021_3140_3238,0.8085433
2021_3140_3246,0.13495818
2021_3140_3250,0.7634266
2021_3140_3257,0.1074151
2021_3140_3265,0.81744856
2021_3140_3266,0.6565258
2021_3140_3268,0.06625814
2021_3140_3273,0.9840446
2021_3140_3276,0.23939155
2021_3140_3277,0.1843763
2021_3140_3283,0.18619674
2021_3140_3291,0.89946365
2021_3140_3292,0.7916926
2021_3140_3299,0.98990315
2021_3140_3301,0.11475058
2021_3140_3314,0.22639555
2021_3140_3321,0.34741843
2021_3140_3329,0.30501148
2021_3140_3332,0.20819457
2021_3140_3333,0.8423599
2021_3140_3353,0.1972682
2021_3140_3355,0.33304116
2021_3140_3372,0.19846715
2021_3140_3376,0.053633645
2021_3140_3377,0.38245726
2021_3140_3378,0.60067827
2021_3140_3390,0.032853026
2021_3140_3392,0.9175841
2021_3140_3393,0.44292232
2021_3140_3397,0.11792752
2021_3140_3400,0.22719468
2021_3140_3401,0.1818902
2021_3140_3407,0.9722938
2021_3140_3413,0.42129895
2021_3140_3416,0.60337776
2021_3140_3417,0.25389037
2021_3140_3430,0.99100566
2021_3140_3433,0.96265304
2021_3140_3439,0.2359843
2021_3140_3448,0.16229025
2021_3140_3450,0.7486839
2021_3140_3452,0.43576244
2021_3140_3460,0.8575328
2021_3140_3461,0.8494402
2021_3141_3163,0.0012702673
2021_3141_3180,0.8581621
2021_3141_3195,0.042391036
2021_3141_3199,0.2204346
2021_3141_3208,0.03356559
2021_3141_3210,0.2029424
2021_3141_3211,0.058750685
2021_3141_3219,0.954128
2021_3141_3226,0.08851007
2021_3141_3231,0.018791141
2021_3141_3234,0.38072485
2021_3141_3235,0.18131378
2021_3141_3238,0.6412252
2021_3141_3246,0.11393771
2021_3141_3250,0.75042534
2021_3141_3257,0.022443743
2021_3141_3265,0.8352174
2021_3141_3266,0.24247387
2021_3141_3268,0.015090501
2021_3141_3273,0.9474436
2021_3141_3276,0.058257353
2021_3141_3277,0.03757564
2021_3141_3283,0.043060128
2021_3141_3291,0.82557523
2021_3141_3292,0.38250428
2021_3141_3299,0.98021066
2021_3141_3301,0.014453196
2021_3141_3314,0.099328354
2021_3141_3321,0.06775284
2021_3141_3329,0.05490784
2021_3141_3332,0.15437813
2021_3141_3333,0.7630264
2021_3141_3353,0.037224304
2021_3141_3355,0.0677096
2021_3141_3372,0.118997544
2021_3141_3376,0.0071001737
2021_3141_3377,0.101516336
2021_3141_3378,0.6035155
2021_3141_3390,0.0045992555
2021_3141_3392,0.9611601
2021_3141_3393,0.20362252
2021_3141_3397,0.045675445
2021_3141_3400,0.1063192
2021_3141_3401,0.024992721
2021_3141_3407,0.70520943
2021_3141_3413,0.26682085
2021_3141_3416,0.7199034
2021_3141_3417,0.08775743
2021_3141_3430,0.9907706
2021_3141_3433,0.90192735
2021_3141_3439,0.15721625
2021_3141_3448,0.23863144
2021_3141_3450,0.61821103
2021_3141_3452,0.14255711
2021_3141_3460,0.73799235
2021_3141_3461,0.73600405
2021_3163_3180,0.9981429
2021_3163_3195,0.98408866
2021_3163_3199,0.98965436
2021_3163_3208,0.9815694
2021_3163_3210,0.99016726
2021_3163_3211,0.9527337
2021_3163_3219,0.9998874
2021_3163_3226,0.9897998
2021_3163_3231,0.95763737
2021_3163_3234,0.99893624
2021_3163_3235,0.9929602
2021_3163_3238,0.99888444
2021_3163_3246,0.98671776
2021_3163_3250,0.9997788
2021_3163_3257,0.95130813
2021_3163_3265,0.99832445
2021_3163_3266,0.99161994
2021_3163_3268,0.95186245
2021_3163_3273,0.9997085
2021_3163_3276,0.98979396
2021_3163_3277,0.98674095
2021_3163_3283,0.9850615
2021_3163_3291,0.9991566
2021_3163_3292,0.99804664
2021_3163_3299,0.9995029
2021_3163_3301,0.9202634
2021_3163_3314,0.983107
2021_3163_3321,0.98805165
2021_3163_3329,0.97283155
2021_3163_3332,0.9852677
2021_3163_3333,0.99888724
2021_3163_3353,0.8815182
2021_3163_3355,0.9900325
2021_3163_3372,0.9403279
2021_3163_3376,0.9030268
2021_3163_3377,0.987045
2021_3163_3378,0.99170226
2021_3163_3390,0.60126525
2021_3163_3392,0.99963284
2021_3163_3393,0.9941775
2021_3163_3397,0.9762125
2021_3163_3400,0.99174243
2021_3163_3401,0.9461486
2021_3163_3407,0.9997977
2021_3163_3413,0.98859996
2021_3163_3416,0.99518466
2021_3163_3417,0.9658559
2021_3163_3430,0.9999303
2021_3163_3433,0.9993035
2021_3163_3439,0.9920557
2021_3163_3448,0.98490965
2021_3163_3450,0.99781024
2021_3163_3452,0.99615556
2021_3163_3460,0.99832267
2021_3163_3461,0.99677217
2021_3180_3195,0.030849343
2021_3180_3199,0.2029088
2021_3180_3208,0.022490976
2021_3180_3210,0.05369376
2021_3180_3211,0.0096302545
2021_3180_3219,0.7416629
2021_3180_3226,0.13033628
2021_3180_3231,0.037156153
2021_3180_3234,0.02127344
2021_3180_3235,0.011131646
2021_3180_3238,0.38112417
2021_3180_3246,0.0051355255
2021_3180_3250,0.10707323
2021_3180_3257,0.00252586
2021_3180_3265,0.42125714
2021_3180_3266,0.12833396
2021_3180_3268,0.0019654802
2021_3180_3273,0.8564053
2021_3180_3276,0.021413017
2021_3180_3277,0.037287116
2021_3180_3283,0.020293387
2021_3180_3291,0.40128735
2021_3180_3292,0.14606123
2021_3180_3299,0.9650469
2021_3180_3301,0.0056217364
2021_3180_3314,0.032573897
2021_3180_3321,0.16046344
2021_3180_3329,0.09652595
2021_3180_3332,0.011974924
2021_3180_3333,0.18355396
2021_3180_3353,0.018698068
2021_3180_3355,0.057862237
2021_3180_3372,0.04513035
2021_3180_3376,0.0022630272
2021_3180_3377,0.060049213
2021_3180_3378,0.23183788
2021_3180_3390,0.0039251363
2021_3180_3392,0.66270167
2021_3180_3393,0.08427267
2021_3180_3397,0.011789971
2021_3180_3400,0.047935817
2021_3180_3401,0.009581831
2021_3180_3407,0.7284502
2021_3180_3413,0.11589144
2021_3180_3416,0.39687255
2021_3180_3417,0.02501267
2021_3180_3430,0.90800285
2021_3180_3433,0.6696325
2021_3180_3439,0.019384503
2021_3180_3448,0.027882893
2021_3180_3450,0.32759088
2021_3180_3452,0.039902486
2021_3180_3460,0.5093861
2021_3180_3461,0.50588495
2021_3195_3199,0.738457
2021_3195_3208,0.39682966
2021_3195_3210,0.7205579
2021_3195_3211,0.3427911
2021_3195_3219,0.99295366
2021_3195_3226,0.7106297
2021_3195_3231,0.3070979
2021_3195_3234,0.880555
2021_3195_3235,0.7125893
2021_3195_3238,0.94072855
2021_3195_3246,0.58399963
2021_3195_3250,0.98431504
2021_3195_3257,0.33089963
2021_3195_3265,0.8435232
2021_3195_3266,0.8183385
2021_3195_3268,0.18251793
2021_3195_3273,0.99174196
2021_3195_3276,0.6457506
2021_3195_3277,0.4770974
2021_3195_3283,0.51890206
2021_3195_3291,0.96684474
2021_3195_3292,0.94686615
2021_3195_3299,0.9839427
2021_3195_3301,0.18529806
2021_3195_3314,0.61322594
2021_3195_3321,0.5597692
2021_3195_3329,0.4684256
2021_3195_3332,0.6923325
2021_3195_3333,0.97140336
2021_3195_3353,0.3383129
2021_3195_3355,0.7424809
2021_3195_3372,0.27063447
2021_3195_3376,0.18462142
2021_3195_3377,0.7650961
2021_3195_3378,0.6477438
2021_3195_3390,0.03008162
2021_3195_3392,0.97351795
2021_3195_3393,0.76725984
2021_3195_3397,0.39805782
2021_3195_3400,0.63121074
2021_3195_3401,0.25278357
2021_3195_3407,0.98507446
2021_3195_3413,0.6967591
2021_3195_3416,0.69933057
2021_3195_3417,0.44850618
2021_3195_3430,0.9976873
2021_3195_3433,0.9895503
2021_3195_3439,0.7179481
2021_3195_3448,0.6278918
2021_3195_3450,0.9458368
2021_3195_3452,0.7482198
2021_3195_3460,0.94659024
2021_3195_3461,0.94813657
2021_3199_3208,0.106629565
2021_3199_3210,0.308344
2021_3199_3211,0.099434756
2021_3199_3219,0.9635351
2021_3199_3226,0.5888423
2021_3199_3231,0.26437438
2021_3199_3234,0.68603164
2021_3199_3235,0.40296414
2021_3199_3238,0.6675714
2021_3199_3246,0.14900397
2021_3199_3250,0.34652096
2021_3199_3257,0.0918598
2021_3199_3265,0.79744995
2021_3199_3266,0.565675
2021_3199_3268,0.22154768
2021_3199_3273,0.9790932
2021_3199_3276,0.23571247
2021_3199_3277,0.30060545
2021_3199_3283,0.14949918
2021_3199_3291,0.8417628
2021_3199_3292,0.7203732
2021_3199_3299,0.99117166
2021_3199_3301,0.16525404
2021_3199_3314,0.23340917
2021_3199_3321,0.29743963
2021_3199_3329,0.2924483
2021_3199_3332,0.079553045
2021_3199_3333,0.84199375
2021_3199_3353,0.31020606
2021_3199_3355,0.39221457
2021_3199_3372,0.24000096
2021_3199_3376,0.02859151
2021_3199_3377,0.42809626
2021_3199_3378,0.4573482
2021_3199_3390,0.029933726
2021_3199_3392,0.7428992
2021_3199_3393,0.60362256
2021_3199_3397,0.072855495
2021_3199_3400,0.18111977
2021_3199_3401,0.20718002
2021_3199_3407,0.96266586
2021_3199_3413,0.6043051
2021_3199_3416,0.4408015
2021_3199_3417,0.1640141
2021_3199_3430,0.9738687
2021_3199_3433,0.81061894
2021_3199_3439,0.16367419
2021_3199_3448,0.34153435
2021_3199_3450,0.44465247
2021_3199_3452,0.4560412
2021_3199_3460,0.7774469
2021_3199_3461,0.7062398
2021_3208_3210,0.68313867
2021_3208_3211,0.24167308
2021_3208_3219,0.9988374
2021_3208_3226,0.8348567
2021_3208_3231,0.5957991
2021_3208_3234,0.97885406
2021_3208_3235,0.89374626
2021_3208_3238,0.9730686
2021_3208_3246,0.5782949
2021_3208_3250,0.9631702
2021_3208_3257,0.43350706
2021_3208_3265,0.9819418
2021_3208_3266,0.86337316
2021_3208_3268,0.6044876
2021_3208_3273,0.99844635
2021_3208_3276,0.728998
2021_3208_3277,0.8576318
2021_3208_3283,0.4190765
2021_3208_3291,0.99051976
2021_3208_3292,0.9605765
2021_3208_3299,0.99774915
2021_3208_3301,0.57694983
2021_3208_3314,0.7837304
2021_3208_3321,0.82164174
2021_3208_3329,0.718367
2021_3208_3332,0.4057309
2021_3208_3333,0.9827547
2021_3208_3353,0.43507048
2021_3208_3355,0.7110851
2021_3208_3372,0.49029127
2021_3208_3376,0.35236788
2021_3208_3377,0.746548
2021_3208_3378,0.69364583
2021_3208_3390,0.0526752
2021_3208_3392,0.9820648
2021_3208_3393,0.94712013
2021_3208_3397,0.39527074
2021_3208_3400,0.69662786
2021_3208_3401,0.68934214
2021_3208_3407,0.9951841
2021_3208_3413,0.879616
2021_3208_3416,0.6634246
2021_3208_3417,0.28625688
2021_3208_3430,0.9991137
2021_3208_3433,0.9873161
2021_3208_3439,0.7275291
2021_3208_3448,0.8165185
2021_3208_3450,0.92589015
2021_3208_3452,0.89407706
2021_3208_3460,0.9753094
2021_3208_3461,0.95980537
2021_3210_3211,0.1521178
2021_3210_3219,0.9959438
2021_3210_3226,0.7284413
2021_3210_3231,0.44698232
2021_3210_3234,0.7093537
2021_3210_3235,0.46741375
2021_3210_3238,0.9320732
2021_3210_3246,0.28516397
2021_3210_3250,0.7917344
2021_3210_3257,0.18750243
2021_3210_3265,0.92628974
2021_3210_3266,0.789132
2021_3210_3268,0.27324525
2021_3210_3273,0.99685603
2021_3210_3276,0.37796462
2021_3210_3277,0.40150738
2021_3210_3283,0.28793907
2021_3210_3291,0.9752514
2021_3210_3292,0.83400184
2021_3210_3299,0.9972098
2021_3210_3301,0.33259106
2021_3210_3314,0.37678722
2021_3210_3321,0.5963875
2021_3210_3329,0.5006865
2021_3210_3332,0.15706882
2021_3210_3333,0.91864026
2021_3210_3353,0.3674335
2021_3210_3355,0.5292782
2021_3210_3372,0.29679617
2021_3210_3376,0.10491329
2021_3210_3377,0.55133563
2021_3210_3378,0.6089374
2021_3210_3390,0.03292592
2021_3210_3392,0.94704217
2021_3210_3393,0.73409194
2021_3210_3397,0.2546073
2021_3210_3400,0.3957029
2021_3210_3401,0.41453585
2021_3210_3407,0.9879326
2021_3210_3413,0.7832911
2021_3210_3416,0.700965
2021_3210_3417,0.29647118
2021_3210_3430,0.9976694
2021_3210_3433,0.97161555
2021_3210_3439,0.32794043
2021_3210_3448,0.39534524
2021_3210_3450,0.7525089
2021_3210_3452,0.7179282
2021_3210_3460,0.9528945
2021_3210_3461,0.91303796
2021_3211_3219,0.99867815
2021_3211_3226,0.87297356
2021_3211_3231,0.52149373
2021_3211_3234,0.79611474
2021_3211_3235,0.60648197
2021_3211_3238,0.9881874
2021_3211_3246,0.55415004
2021_3211_3250,0.9916531
2021_3211_3257,0.21014877
2021_3211_3265,0.9758965
2021_3211_3266,0.93547565
2021_3211_3268,0.09018435
2021_3211_3273,0.9984237
2021_3211_3276,0.648456
2021_3211_3277,0.59704655
2021_3211_3283,0.7027724
2021_3211_3291,0.99108094
2021_3211_3292,0.95483047
2021_3211_3299,0.9972451
2021_3211_3301,0.21216056
2021_3211_3314,0.6841184
2021_3211_3321,0.84847337
2021_3211_3329,0.7300797
2021_3211_3332,0.77296436
2021_3211_3333,0.96661717
2021_3211_3353,0.38095868
2021_3211_3355,0.8105442
2021_3211_3372,0.47752488
2021_3211_3376,0.25248525
2021_3211_3377,0.81714857
2021_3211_3378,0.91228634
2021_3211_3390,0.08309064
2021_3211_3392,0.9949211
2021_3211_3393,0.8354364
2021_3211_3397,0.66410047
2021_3211_3400,0.8383027
2021_3211_3401,0.35891566
2021_3211_3407,0.9966355
2021_3211_3413,0.89297307
2021_3211_3416,0.96248996
2021_3211_3417,0.7001706
2021_3211_3430,0.9996203
2021_3211_3433,0.99700934
2021_3211_3439,0.7747589
2021_3211_3448,0.65113693
2021_3211_3450,0.9791745
2021_3211_3452,0.8379458
2021_3211_3460,0.99124235
2021_3211_3461,0.98628557
2021_3219_3226,0.021119615
2021_3219_3231,0.0016782288
2021_3219_3234,0.005810296
2021_3219_3235,0.0022822318
2021_3219_3238,0.19040494
2021_3219_3246,0.00056530384
2021_3219_3250,0.1345934
2021_3219_3257,0.00019627274
2021_3219_3265,0.1447933
2021_3219_3266,0.025931595
2021_3219_3268,0.00011089168
2021_3219_3273,0.5550602
2021_3219_3276,0.002855565
2021_3219_3277,0.005464444
2021_3219_3283,0.0019609886
2021_3219_3291,0.20459335
2021_3219_3292,0.05068617
2021_3219_3299,0.7816317
2021_3219_3301,0.00017924626
2021_3219_3314,0.0069319317
2021_3219_3321,0.014535557
2021_3219_3329,0.007973925
2021_3219_3332,0.0034058236
2021_3219_3333,0.049745016
2021_3219_3353,0.0010155035
2021_3219_3355,0.008980129
2021_3219_3372,0.012056781
2021_3219_3376,0.00017152374
2021_3219_3377,0.009302003
2021_3219_3378,0.028747145
2021_3219_3390,0.0001204908
2021_3219_3392,0.471189
2021_3219_3393,0.012006119
2021_3219_3397,0.00076271314
2021_3219_3400,0.0044152904
2021_3219_3401,0.00032864133
2021_3219_3407,0.29067066
2021_3219_3413,0.01635314
2021_3219_3416,0.0747874
2021_3219_3417,0.0017622287
2021_3219_3430,0.8064609
2021_3219_3433,0.46242222
2021_3219_3439,0.0040850816
2021_3219_3448,0.007434728
2021_3219_3450,0.1361746
2021_3219_3452,0.0028211025
2021_3219_3460,0.24790087
2021_3219_3461,0.24382697
2021_3226_3231,0.20443304
2021_3226_3234,0.73485017
2021_3226_3235,0.3734452
2021_3226_3238,0.7869248
2021_3226_3246,0.19207956
2021_3226_3250,0.84088784
2021_3226_3257,0.16586423
2021_3226_3265,0.6705865
2021_3226_3266,0.61569685
2021_3226_3268,0.13295321
2021_3226_3273,0.97774357
2021_3226_3276,0.3486158
2021_3226_3277,0.26217353
2021_3226_3283,0.22918434
2021_3226_3291,0.8864222
2021_3226_3292,0.84071565
2021_3226_3299,0.97677845
2021_3226_3301,0.13111983
2021_3226_3314,0.2545139
2021_3226_3321,0.27681765
2021_3226_3329,0.26955578
2021_3226_3332,0.22327256
2021_3226_3333,0.8603823
2021_3226_3353,0.17928036
2021_3226_3355,0.444123
2021_3226_3372,0.17238814
2021_3226_3376,0.048984658
2021_3226_3377,0.42978123
2021_3226_3378,0.43746263
2021_3226_3390,0.02474449
2021_3226_3392,0.862668
2021_3226_3393,0.4905938
2021_3226_3397,0.12366748
2021_3226_3400,0.22374476
2021_3226_3401,0.17889781
2021_3226_3407,0.96850926
2021_3226_3413,0.40087652
2021_3226_3416,0.37654227
2021_3226_3417,0.2137521
2021_3226_3430,0.98741806
2021_3226_3433,0.9547874
2021_3226_3439,0.2661613
2021_3226_3448,0.20503542
2021_3226_3450,0.6852615
2021_3226_3452,0.50331277
2021_3226_3460,0.8112076
2021_3226_3461,0.7855608
2021_3231_3234,0.9866329
2021_3231_3235,0.88622993
2021_3231_3238,0.95328647
2021_3231_3246,0.684171
2021_3231_3250,0.9636604
2021_3231_3257,0.6536653
2021_3231_3265,0.97497004
2021_3231_3266,0.81830376
2021_3231_3268,0.7861827
2021_3231_3273,0.9978268
2021_3231_3276,0.69449604
2021_3231_3277,0.6593389
2021_3231_3283,0.51250803
2021_3231_3291,0.9868195
2021_3231_3292,0.9668684
2021_3231_3299,0.9967054
2021_3231_3301,0.54523236
2021_3231_3314,0.6952811
2021_3231_3321,0.52634484
2021_3231_3329,0.43995234
2021_3231_3332,0.46909758
2021_3231_3333,0.98144335
2021_3231_3353,0.47554252
2021_3231_3355,0.74655724
2021_3231_3372,0.50102293
2021_3231_3376,0.23992822
2021_3231_3377,0.79579824
2021_3231_3378,0.78498685
2021_3231_3390,0.11266586
2021_3231_3392,0.9751391
2021_3231_3393,0.89533716
2021_3231_3397,0.36001098
2021_3231_3400,0.53687656
2021_3231_3401,0.5674629
2021_3231_3407,0.9952286
2021_3231_3413,0.8581726
2021_3231_3416,0.6389046
2021_3231_3417,0.3811675
2021_3231_3430,0.99870956
2021_3231_3433,0.9809228
2021_3231_3439,0.71262383
2021_3231_3448,0.6749814
2021_3231_3450,0.837187
2021_3231_3452,0.87248075
2021_3231_3460,0.9608738
2021_3231_3461,0.92790306
2021_3234_3235,0.3280285
2021_3234_3238,0.8947671
2021_3234_3246,0.18339373
2021_3234_3250,0.9581384
2021_3234_3257,0.023850536
2021_3234_3265,0.97263086
2021_3234_3266,0.50591075
2021_3234_3268,0.014381101
2021_3234_3273,0.98684984
2021_3234_3276,0.06756076
2021_3234_3277,0.04479741
2021_3234_3283,0.08443072
2021_3234_3291,0.9676609
2021_3234_3292,0.65991604
2021_3234_3299,0.98990065
2021_3234_3301,0.009021219
2021_3234_3314,0.18810536
2021_3234_3321,0.054770168
2021_3234_3329,0.047285818
2021_3234_3332,0.30748385
2021_3234_3333,0.8873647
2021_3234_3353,0.070682526
2021_3234_3355,0.19138819
2021_3234_3372,0.2931545
2021_3234_3376,0.004997377
2021_3234_3377,0.2620955
2021_3234_3378,0.72641724
2021_3234_3390,0.005416077
2021_3234_3392,0.9931116
2021_3234_3393,0.29901272
2021_3234_3397,0.052393872
2021_3234_3400,0.12575603
2021_3234_3401,0.0135623235
2021_3234_3407,0.7296372
2021_3234_3413,0.5878907
2021_3234_3416,0.78588235
2021_3234_3417,0.11656429
2021_3234_3430,0.9985952
2021_3234_3433,0.97567314
2021_3234_3439,0.27173278
2021_3234_3448,0.49157313
2021_3234_3450,0.79986054
2021_3234_3452,0.12975027
2021_3234_3460,0.9274798
2021_3234_3461,0.9250746
2021_3235_3238,0.95860356
2021_3235_3246,0.3019628
2021_3235_3250,0.9517849
2021_3235_3257,0.08712542
2021_3235_3265,0.98160464
2021_3235_3266,0.7792787
2021_3235_3268,0.085128695
2021_3235_3273,0.99714357
2021_3235_3276,0.15266947
2021_3235_3277,0.1490691
2021_3235_3283,0.2792199
2021_3235_3291,0.98740846
2021_3235_3292,0.85865873
2021_3235_3299,0.99691784
2021_3235_3301,0.067546934
2021_3235_3314,0.3492833
2021_3235_3321,0.2216454
2021_3235_3329,0.19123082
2021_3235_3332,0.44779
2021_3235_3333,0.95785743
2021_3235_3353,0.29817915
2021_3235_3355,0.4771792
2021_3235_3372,0.47929242
2021_3235_3376,0.033310868
2021_3235_3377,0.583137
2021_3235_3378,0.8627384
2021_3235_3390,0.028343935
2021_3235_3392,0.9918063
2021_3235_3393,0.5587032
2021_3235_3397,0.13108747
2021_3235_3400,0.26918408
2021_3235_3401,0.10596516
2021_3235_3407,0.95127815
2021_3235_3413,0.86718565
2021_3235_3416,0.8904562
2021_3235_3417,0.31189105
2021_3235_3430,0.99933565
2021_3235_3433,0.99158657
2021_3235_3439,0.42115852
2021_3235_3448,0.62689495
2021_3235_3450,0.8922652
2021_3235_3452,0.37235495
2021_3235_3460,0.9753531
2021_3235_3461,0.9705486
2021_3238_3246,0.013299291
2021_3238_3250,0.3625785
2021_3238_3257,0.0048946207
2021_3238_3265,0.35418427
2021_3238_3266,0.21932656
2021_3238_3268,0.0032375758
2021_3238_3273,0.8547893
2021_3238_3276,0.067371435
2021_3238_3277,0.09389406
2021_3238_3283,0.028194278
2021_3238_3291,0.50060415
2021_3238_3292,0.35718578
2021_3238_3299,0.916332
2021_3238_3301,0.00518244
2021_3238_3314,0.0783735
2021_3238_3321,0.24385138
2021_3238_3329,0.14364797
2021_3238_3332,0.033495028
2021_3238_3333,0.33557796
2021_3238_3353,0.015087328
2021_3238_3355,0.08956162
2021_3238_3372,0.047179308
2021_3238_3376,0.0040893634
2021_3238_3377,0.07432404
2021_3238_3378,0.12211738
2021_3238_3390,0.0014292685
2021_3238_3392,0.68071556
2021_3238_3393,0.1782329
2021_3238_3397,0.01546546
2021_3238_3400,0.08280687
2021_3238_3401,0.007901666
2021_3238_3407,0.77276933
2021_3238_3413,0.109787844
2021_3238_3416,0.20745559
2021_3238_3417,0.022016805
2021_3238_3430,0.93030816
2021_3238_3433,0.8151458
2021_3238_3439,0.05332843
2021_3238_3448,0.07041077
2021_3238_3450,0.48722324
2021_3238_3452,0.080595866
2021_3238_3460,0.5632631
2021_3238_3461,0.6031873
2021_3246_3250,0.9842713
2021_3246_3257,0.21427077
2021_3246_3265,0.991762
2021_3246_3266,0.90078425
2021_3246_3268,0.20662184
2021_3246_3273,0.99931234
2021_3246_3276,0.35138652
2021_3246_3277,0.4760756
2021_3246_3283,0.46514428
2021_3246_3291,0.99638486
2021_3246_3292,0.93407136
2021_3246_3299,0.9988871
2021_3246_3301,0.2630407
2021_3246_3314,0.6156355
2021_3246_3321,0.63056797
2021_3246_3329,0.49302518
2021_3246_3332,0.51008874
2021_3246_3333,0.97991437
2021_3246_3353,0.40665707
2021_3246_3355,0.6743322
2021_3246_3372,0.5999083
2021_3246_3376,0.14408599
2021_3246_3377,0.7380695
2021_3246_3378,0.8931086
2021_3246_3390,0.04684139
2021_3246_3392,0.99629104
2021_3246_3393,0.8304793
2021_3246_3397,0.41573015
2021_3246_3400,0.5985817
2021_3246_3401,0.37978667
2021_3246_3407,0.98930675
2021_3246_3413,0.939875
2021_3246_3416,0.9186097
2021_3246_3417,0.42922983
2021_3246_3430,0.9998179
2021_3246_3433,0.9966223
2021_3246_3439,0.6510797
2021_3246_3448,0.77303326
2021_3246_3450,0.95979273
2021_3246_3452,0.7225162
2021_3246_3460,0.99345726
2021_3246_3461,0.989177
2021_3250_3257,0.002497165
2021_3250_3265,0.70036316
2021_3250_3266,0.3205717
2021_3250_3268,0.00065112096
2021_3250_3273,0.93894774
2021_3250_3276,0.06405052
2021_3250_3277,0.14052366
2021_3250_3283,0.04106009
2021_3250_3291,0.6957467
2021_3250_3292,0.40169793
2021_3250_3299,0.9428205
2021_3250_3301,0.0034657842
2021_3250_3314,0.15648064
2021_3250_3321,0.47128275
2021_3250_3329,0.25274816
2021_3250_3332,0.07111414
2021_3250_3333,0.4868037
2021_3250_3353,0.017945297
2021_3250_3355,0.09112861
2021_3250_3372,0.031884484
2021_3250_3376,0.0045363223
2021_3250_3377,0.07954741
2021_3250_3378,0.3321193
2021_3250_3390,0.0011648004
2021_3250_3392,0.92565554
2021_3250_3393,0.26821744
2021_3250_3397,0.033657547
2021_3250_3400,0.19274206
2021_3250_3401,0.007841121
2021_3250_3407,0.6438423
2021_3250_3413,0.3158005
2021_3250_3416,0.7566017
2021_3250_3417,0.04738055
2021_3250_3430,0.9878393
2021_3250_3433,0.9557134
2021_3250_3439,0.096374184
2021_3250_3448,0.25651896
2021_3250_3450,0.843025
2021_3250_3452,0.08740639
2021_3250_3460,0.8612667
2021_3250_3461,0.9310881
2021_3257_3265,0.99763495
2021_3257_3266,0.9140435
2021_3257_3268,0.44657704
2021_3257_3273,0.99954736
2021_3257_3276,0.68086785
2021_3257_3277,0.73521996
2021_3257_3283,0.64908004
2021_3257_3291,0.9984651
2021_3257_3292,0.975709
2021_3257_3299,0.99902433
2021_3257_3301,0.35219494
2021_3257_3314,0.85224783
2021_3257_3321,0.7913702
2021_3257_3329,0.52328575
2021_3257_3332,0.8317397
2021_3257_3333,0.9925182
2021_3257_3353,0.36557496
2021_3257_3355,0.75541294
2021_3257_3372,0.7669799
2021_3257_3376,0.28889447
2021_3257_3377,0.8516018
2021_3257_3378,0.9719614
2021_3257_3390,0.12425766
2021_3257_3392,0.99924415
2021_3257_3393,0.9247868
2021_3257_3397,0.6027505
2021_3257_3400,0.8263756
2021_3257_3401,0.45949492
2021_3257_3407,0.9966181
2021_3257_3413,0.9523623
2021_3257_3416,0.9738557
2021_3257_3417,0.5544165
2021_3257_3430,0.99993336
2021_3257_3433,0.99857396
2021_3257_3439,0.90419
2021_3257_3448,0.8836893
2021_3257_3450,0.986107
2021_3257_3452,0.89624506
2021_3257_3460,0.9970106
2021_3257_3461,0.9948972
2021_3265_3266,0.16043423
2021_3265_3268,0.0013156037
2021_3265_3273,0.84219414
2021_3265_3276,0.035616167
2021_3265_3277,0.03550062
2021_3265_3283,0.036842294
2021_3265_3291,0.476392
2021_3265_3292,0.19448617
2021_3265_3299,0.9239166
2021_3265_3301,0.001905615
2021_3265_3314,0.04505413
2021_3265_3321,0.13289097
2021_3265_3329,0.073649235
2021_3265_3332,0.04370838
2021_3265_3333,0.22730623
2021_3265_3353,0.018914549
2021_3265_3355,0.14435226
2021_3265_3372,0.11106265
2021_3265_3376,0.0013087433
2021_3265_3377,0.14658377
2021_3265_3378,0.15122642
2021_3265_3390,0.0019067876
2021_3265_3392,0.72432244
2021_3265_3393,0.08643878
2021_3265_3397,0.010452537
2021_3265_3400,0.059403576
2021_3265_3401,0.0028584688
2021_3265_3407,0.7241237
2021_3265_3413,0.20277707
2021_3265_3416,0.26729202
2021_3265_3417,0.021750532
2021_3265_3430,0.92216164
2021_3265_3433,0.6871827
2021_3265_3439,0.04379036
2021_3265_3448,0.042340416
2021_3265_3450,0.40399772
2021_3265_3452,0.040467873
2021_3265_3460,0.6202202
2021_3265_3461,0.5512934
2021_3266_3268,0.059388094
2021_3266_3273,0.9802817
2021_3266_3276,0.17679848
2021_3266_3277,0.15793248
2021_3266_3283,0.09602805
2021_3266_3291,0.87581134
2021_3266_3292,0.7178598
2021_3266_3299,0.99112076
2021_3266_3301,0.09253144
2021_3266_3314,0.20187755
2021_3266_3321,0.30585873
2021_3266_3329,0.23117614
2021_3266_3332,0.13378328
2021_3266_3333,0.8066127
2021_3266_3353,0.120703354
2021_3266_3355,0.18002422
2021_3266_3372,0.20597138
2021_3266_3376,0.055402208
2021_3266_3377,0.25781268
2021_3266_3378,0.4893232
2021_3266_3390,0.018612962
2021_3266_3392,0.91478187
2021_3266_3393,0.37971163
2021_3266_3397,0.08439747
2021_3266_3400,0.17037222
2021_3266_3401,0.13876778
2021_3266_3407,0.9684642
2021_3266_3413,0.29051203
2021_3266_3416,0.5158534
2021_3266_3417,0.117155455
2021_3266_3430,0.989547
2021_3266_3433,0.9453038
2021_3266_3439,0.18406436
2021_3266_3448,0.14244314
2021_3266_3450,0.67936915
2021_3266_3452,0.34532458
2021_3266_3460,0.80764925
2021_3266_3461,0.8050955
2021_3268_3273,0.99952596
2021_3268_3276,0.694048
2021_3268_3277,0.5962554
2021_3268_3283,0.7507511
2021_3268_3291,0.99905276
2021_3268_3292,0.9805342
2021_3268_3299,0.998855
2021_3268_3301,0.2504078
2021_3268_3314,0.8471471
2021_3268_3321,0.5502956
2021_3268_3329,0.4138221
2021_3268_3332,0.9227206
2021_3268_3333,0.9924285
2021_3268_3353,0.5021684
2021_3268_3355,0.84751517
2021_3268_3372,0.88421476
2021_3268_3376,0.18990524
2021_3268_3377,0.9133438
2021_3268_3378,0.9833821
2021_3268_3390,0.19839905
2021_3268_3392,0.9996578
2021_3268_3393,0.8777377
2021_3268_3397,0.6103525
2021_3268_3400,0.7360445
2021_3268_3401,0.3690468
2021_3268_3407,0.9951275
2021_3268_3413,0.9591492
2021_3268_3416,0.97769415
2021_3268_3417,0.6913937
2021_3268_3430,0.9999493
2021_3268_3433,0.9986549
2021_3268_3439,0.912783
2021_3268_3448,0.88595647
2021_3268_3450,0.98395187
2021_3268_3452,0.7920388
2021_3268_3460,0.99699557
2021_3268_3461,0.9945411
2021_3273_3276,0.0028942416
2021_3273_3277,0.004944621
2021_3273_3283,0.0019262059
2021_3273_3291,0.14728007
2021_3273_3292,0.041379172
2021_3273_3299,0.7930177
2021_3273_3301,0.0004619127
2021_3273_3314,0.0054233014
2021_3273_3321,0.0091014495
2021_3273_3329,0.0058241826
2021_3273_3332,0.002278549
2021_3273_3333,0.048152607
2021_3273_3353,0.0013075445
2021_3273_3355,0.007149728
2021_3273_3372,0.014587718
2021_3273_3376,0.00029033757
2021_3273_3377,0.007503676
2021_3273_3378,0.025507411
2021_3273_3390,0.00030297006
2021_3273_3392,0.3249565
2021_3273_3393,0.01159599
2021_3273_3397,0.0009470185
2021_3273_3400,0.003117349
2021_3273_3401,0.0008302475
2021_3273_3407,0.33895427
2021_3273_3413,0.010754395
2021_3273_3416,0.038854703
2021_3273_3417,0.0017113105
2021_3273_3430,0.63697475
2021_3273_3433,0.29325074
2021_3273_3439,0.00340418
2021_3273_3448,0.0060937307
2021_3273_3450,0.0751928
2021_3273_3452,0.0035935617
2021_3273_3460,0.12766501
2021_3273_3461,0.11615827
2021_3276_3277,0.44795784
2021_3276_3283,0.32454294
2021_3276_3291,0.98179984
2021_3276_3292,0.92837733
2021_3276_3299,0.9957463
2021_3276_3301,0.23945181
2021_3276_3314,0.62913173
2021_3276_3321,0.48829347
2021_3276_3329,0.3927232
2021_3276_3332,0.48058325
2021_3276_3333,0.98184586
2021_3276_3353,0.35026187
2021_3276_3355,0.5465287
2021_3276_3372,0.34673405
2021_3276_3376,0.10739788
2021_3276_3377,0.64685214
2021_3276_3378,0.8125274
2021_3276_3390,0.038712103
2021_3276_3392,0.977471
2021_3276_3393,0.8556719
2021_3276_3397,0.27800494
2021_3276_3400,0.51919645
2021_3276_3401,0.29076898
2021_3276_3407,0.9853812
2021_3276_3413,0.8393656
2021_3276_3416,0.76396906
2021_3276_3417,0.35958895
2021_3276_3430,0.9987495
2021_3276_3433,0.98848325
2021_3276_3439,0.68718404
2021_3276_3448,0.6867307
2021_3276_3450,0.8967342
2021_3276_3452,0.7936756
2021_3276_3460,0.9627001
2021_3276_3461,0.95721817
2021_3277_3283,0.3093236
2021_3277_3291,0.96392995
2021_3277_3292,0.8991225
2021_3277_3299,0.99448174
2021_3277_3301,0.17704506
2021_3277_3314,0.5064436
2021_3277_3321,0.36402825
2021_3277_3329,0.34755334
2021_3277_3332,0.42946115
2021_3277_3333,0.9696313
2021_3277_3353,0.44641373
2021_3277_3355,0.6225203
2021_3277_3372,0.45144445
2021_3277_3376,0.032435816
2021_3277_3377,0.6846548
2021_3277_3378,0.8044777
2021_3277_3390,0.044734735
2021_3277_3392,0.96468246
2021_3277_3393,0.8041349
2021_3277_3397,0.15112044
2021_3277_3400,0.3731712
2021_3277_3401,0.1886044
2021_3277_3407,0.969313
2021_3277_3413,0.8622282
2021_3277_3416,0.7541874
2021_3277_3417,0.35433027
2021_3277_3430,0.99652034
2021_3277_3433,0.95534515
2021_3277_3439,0.5509121
2021_3277_3448,0.7043219
2021_3277_3450,0.79060555
2021_3277_3452,0.65988094
2021_3277_3460,0.94043654
2021_3277_3461,0.901623
2021_3283_3291,0.986316
2021_3283_3292,0.96313864
2021_3283_3299,0.99483424
2021_3283_3301,0.40063685
2021_3283_3314,0.68736196
2021_3283_3321,0.7822351
2021_3283_3329,0.6717052
2021_3283_3332,0.52521217
2021_3283_3333,0.9701486
2021_3283_3353,0.33522722
2021_3283_3355,0.6710426
2021_3283_3372,0.31017396
2021_3283_3376,0.21274433
2021_3283_3377,0.70414245
2021_3283_3378,0.738248
2021_3283_3390,0.044996176
2021_3283_3392,0.98050064
2021_3283_3393,0.8722513
2021_3283_3397,0.4825859
2021_3283_3400,0.7427064
2021_3283_3401,0.501845
2021_3283_3407,0.9958752
2021_3283_3413,0.8215723
2021_3283_3416,0.7785601
2021_3283_3417,0.46665102
2021_3283_3430,0.9991993
2021_3283_3433,0.992777
2021_3283_3439,0.7004269
2021_3283_3448,0.55599034
2021_3283_3450,0.93697983
2021_3283_3452,0.9035224
2021_3283_3460,0.9781385
2021_3283_3461,0.96473634
2021_3291_3292,0.17896281
2021_3291_3299,0.9365538
2021_3291_3301,0.0016338846
2021_3291_3314,0.028520858
2021_3291_3321,0.076831535
2021_3291_3329,0.039957948
2021_3291_3332,0.01743836
2021_3291_3333,0.19541557
2021_3291_3353,0.0069658635
2021_3291_3355,0.036820594
2021_3291_3372,0.05244852
2021_3291_3376,0.0019181037
2021_3291_3377,0.039078854
2021_3291_3378,0.1724382
2021_3291_3390,0.0009947536
2021_3291_3392,0.8070379
2021_3291_3393,0.052751705
2021_3291_3397,0.0050388523
2021_3291_3400,0.02364683
2021_3291_3401,0.0030342967
2021_3291_3407,0.6282227
2021_3291_3413,0.07433997
2021_3291_3416,0.31340143
2021_3291_3417,0.010746209
2021_3291_3430,0.94366986
2021_3291_3433,0.7705059
2021_3291_3439,0.019366885
2021_3291_3448,0.032555267
2021_3291_3450,0.37832695
2021_3291_3452,0.018249264
2021_3291_3460,0.52877337
2021_3291_3461,0.5508166
2021_3292_3299,0.98071134
2021_3292_3301,0.020218972
2021_3292_3314,0.10149459
2021_3292_3321,0.10133851
2021_3292_3329,0.07268158
2021_3292_3332,0.09646153
2021_3292_3333,0.7140674
2021_3292_3353,0.04236199
2021_3292_3355,0.05997128
2021_3292_3372,0.120789416
2021_3292_3376,0.009647668
2021_3292_3377,0.11032276
2021_3292_3378,0.54014766
2021_3292_3390,0.0052300035
2021_3292_3392,0.9196211
2021_3292_3393,0.19730815
2021_3292_3397,0.035429034
2021_3292_3400,0.085587166
2021_3292_3401,0.03723705
2021_3292_3407,0.8135888
2021_3292_3413,0.20504174
2021_3292_3416,0.62678987
2021_3292_3417,0.07308355
2021_3292_3430,0.9865562
2021_3292_3433,0.91623634
2021_3292_3439,0.10751216
2021_3292_3448,0.14313102
2021_3292_3450,0.60813826
2021_3292_3452,0.13033578
2021_3292_3460,0.729661
2021_3292_3461,0.74926865
2021_3299_3301,0.00097232516
2021_3299_3314,0.006495325
2021_3299_3321,0.011056456
2021_3299_3329,0.006032182
2021_3299_3332,0.0044792756
2021_3299_3333,0.032303285
2021_3299_3353,0.0031631228
2021_3299_3355,0.016193034
2021_3299_3372,0.021357821
2021_3299_3376,0.00051545136
2021_3299_3377,0.018460928
2021_3299_3378,0.014804494
2021_3299_3390,0.0004996297
2021_3299_3392,0.13286339
2021_3299_3393,0.011662913
2021_3299_3397,0.0016379934
2021_3299_3400,0.0057161283
2021_3299_3401,0.001265274
2021_3299_3407,0.2871601
2021_3299_3413,0.01634068
2021_3299_3416,0.018828757
2021_3299_3417,0.002839039
2021_3299_3430,0.2803162
2021_3299_3433,0.09765721
2021_3299_3439,0.00593604
2021_3299_3448,0.0064008734
2021_3299_3450,0.03443806
2021_3299_3452,0.0071719135
2021_3299_3460,0.060799334
2021_3299_3461,0.048281603
2021_3301_3314,0.8111454
2021_3301_3321,0.7007871
2021_3301_3329,0.46381396
2021_3301_3332,0.7150602
2021_3301_3333,0.9908071
2021_3301_3353,0.42956415
2021_3301_3355,0.78978413
2021_3301_3372,0.85542524
2021_3301_3376,0.32818058
2021_3301_3377,0.8722084
2021_3301_3378,0.9620529
2021_3301_3390,0.17131731
2021_3301_3392,0.9988583
2021_3301_3393,0.9281771
2021_3301_3397,0.4423841
2021_3301_3400,0.71302104
2021_3301_3401,0.57406527
2021_3301_3407,0.9975523
2021_3301_3413,0.952878
2021_3301_3416,0.93521637
2021_3301_3417,0.4349752
2021_3301_3430,0.99988276
2021_3301_3433,0.9960878
2021_3301_3439,0.8569772
2021_3301_3448,0.82588875
2021_3301_3450,0.95789593
2021_3301_3452,0.90469563
2021_3301_3460,0.995568
2021_3301_3461,0.98751825
2021_3314_3321,0.4940394
2021_3314_3329,0.4235192
2021_3314_3332,0.33911723
2021_3314_3333,0.96232754
2021_3314_3353,0.41867968
2021_3314_3355,0.5697115
2021_3314_3372,0.44256505
2021_3314_3376,0.086081505
2021_3314_3377,0.64166045
2021_3314_3378,0.7982925
2021_3314_3390,0.052189056
2021_3314_3392,0.96608245
2021_3314_3393,0.7424883
2021_3314_3397,0.20304886
2021_3314_3400,0.39845127
2021_3314_3401,0.2845479
2021_3314_3407,0.9731204
2021_3314_3413,0.8444344
2021_3314_3416,0.80627894
2021_3314_3417,0.34395686
2021_3314_3430,0.997127
2021_3314_3433,0.9770345
2021_3314_3439,0.4534068
2021_3314_3448,0.6820453
2021_3314_3450,0.8643075
2021_3314_3452,0.5653083
2021_3314_3460,0.94832397
2021_3314_3461,0.9450474
2021_3321_3329,0.4060165
2021_3321_3332,0.12256022
2021_3321_3333,0.9370992
2021_3321_3353,0.384355
2021_3321_3355,0.578034
2021_3321_3372,0.25319636
2021_3321_3376,0.05107135
2021_3321_3377,0.6293474
2021_3321_3378,0.48698485
2021_3321_3390,0.028586293
2021_3321_3392,0.8202392
2021_3321_3393,0.83789515
2021_3321_3397,0.13173324
2021_3321_3400,0.29395452
2021_3321_3401,0.27922982
2021_3321_3407,0.98293376
2021_3321_3413,0.7517064
2021_3321_3416,0.42746127
2021_3321_3417,0.18527324
2021_3321_3430,0.9877285
2021_3321_3433,0.86114603
2021_3321_3439,0.33777905
2021_3321_3448,0.5399398
2021_3321_3450,0.54644465
2021_3321_3452,0.7185748
2021_3321_3460,0.8609024
2021_3321_3461,0.779247
2021_3329_3332,0.24833444
2021_3329_3333,0.9654444
2021_3329_3353,0.51744056
2021_3329_3355,0.5604462
2021_3329_3372,0.38133478
2021_3329_3376,0.18338071
2021_3329_3377,0.6416682
2021_3329_3378,0.60913867
2021_3329_3390,0.0725457
2021_3329_3392,0.90689504
2021_3329_3393,0.8526532
2021_3329_3397,0.22243565
2021_3329_3400,0.4072278
2021_3329_3401,0.5498556
2021_3329_3407,0.98992676
2021_3329_3413,0.73688596
2021_3329_3416,0.4743372
2021_3329_3417,0.31985492
2021_3329_3430,0.99315196
2021_3329_3433,0.93920165
2021_3329_3439,0.5111445
2021_3329_3448,0.5484385
2021_3329_3450,0.68682784
2021_3329_3452,0.8176979
2021_3329_3460,0.87358403
2021_3329_3461,0.826865
2021_3332_3333,0.96456754
2021_3332_3353,0.37322977
2021_3332_3355,0.5994317
2021_3332_3372,0.3670541
2021_3332_3376,0.22756004
2021_3332_3377,0.6243499
2021_3332_3378,0.86343676
2021_3332_3390,0.04752556
2021_3332_3392,0.9882569
2021_3332_3393,0.8026437
2021_3332_3397,0.5259437
2021_3332_3400,0.7567644
2021_3332_3401,0.44805798
2021_3332_3407,0.98916376
2021_3332_3413,0.8445494
2021_3332_3416,0.9455166
2021_3332_3417,0.5446873
2021_3332_3430,0.99922246
2021_3332_3433,0.9950218
2021_3332_3439,0.62741905
2021_3332_3448,0.65870243
2021_3332_3450,0.9678147
2021_3332_3452,0.7767793
2021_3332_3460,0.9834678
2021_3332_3461,0.98228276
2021_3333_3353,0.033804007
2021_3333_3355,0.052943103
2021_3333_3372,0.11071535
2021_3333_3376,0.0042123822
2021_3333_3377,0.08439409
2021_3333_3378,0.44979975
2021_3333_3390,0.0044123037
2021_3333_3392,0.9277744
2021_3333_3393,0.07766397
2021_3333_3397,0.015215693
2021_3333_3400,0.033747196
2021_3333_3401,0.0192527
2021_3333_3407,0.7481489
2021_3333_3413,0.2503945
2021_3333_3416,0.6548083
2021_3333_3417,0.04390706
2021_3333_3430,0.9915126
2021_3333_3433,0.9145483
2021_3333_3439,0.033032212
2021_3333_3448,0.08394127
2021_3333_3450,0.4691283
2021_3333_3452,0.045519378
2021_3333_3460,0.77655303
2021_3333_3461,0.7423705
2021_3353_3355,0.77878547
2021_3353_3372,0.5750557
2021_3353_3376,0.27609915
2021_3353_3377,0.8102173
2021_3353_3378,0.9301221
2021_3353_3390,0.24271159
2021_3353_3392,0.9951384
2021_3353_3393,0.7341112
2021_3353_3397,0.45070472
2021_3353_3400,0.52139026
2021_3353_3401,0.6588539
2021_3353_3407,0.99739057
2021_3353_3413,0.82998556
2021_3353_3416,0.93145406
2021_3353_3417,0.6622349
2021_3353_3430,0.99952537
2021_3353_3433,0.99479103
2021_3353_3439,0.64302796
2021_3353_3448,0.55034393
2021_3353_3450,0.93397564
2021_3353_3452,0.8167864
2021_3353_3460,0.9835232
2021_3353_3461,0.971466
2021_3355_3372,0.17807129
2021_3355_3376,0.08043635
2021_3355_3377,0.52183264
2021_3355_3378,0.69731385
2021_3355_3390,0.042607106
2021_3355_3392,0.94059235
2021_3355_3393,0.6553599
2021_3355_3397,0.25188106
2021_3355_3400,0.4147207
2021_3355_3401,0.31159198
2021_3355_3407,0.98503286
2021_3355_3413,0.56993467
2021_3355_3416,0.65573007
2021_3355_3417,0.4424916
2021_3355_3430,0.9965731
2021_3355_3433,0.9836031
2021_3355_3439,0.4454706
2021_3355_3448,0.31978217
2021_3355_3450,0.8439373
2021_3355_3452,0.7179072
2021_3355_3460,0.919976
2021_3355_3461,0.90586
2021_3372_3376,0.14922632
2021_3372_3377,0.77140117
2021_3372_3378,0.6778171
2021_3372_3390,0.059578743
2021_3372_3392,0.9730313
2021_3372_3393,0.6851243
2021_3372_3397,0.37185347
2021_3372_3400,0.65798247
2021_3372_3401,0.19175139
2021_3372_3407,0.9779707
2021_3372_3413,0.7556507
2021_3372_3416,0.7976221
2021_3372_3417,0.4570865
2021_3372_3430,0.99503225
2021_3372_3433,0.97921175
2021_3372_3439,0.63430196
2021_3372_3448,0.5845044
2021_3372_3450,0.9256279
2021_3372_3452,0.6414633
2021_3372_3460,0.9401876
2021_3372_3461,0.94309795
2021_3376_3377,0.9440933
2021_3376_3378,0.94290406
2021_3376_3390,0.23029585
2021_3376_3392,0.9989908
2021_3376_3393,0.98203236
2021_3376_3397,0.64170015
2021_3376_3400,0.896501
2021_3376_3401,0.73342025
2021_3376_3407,0.9978667
2021_3376_3413,0.9796354
2021_3376_3416,0.9470971
2021_3376_3417,0.53960854
2021_3376_3430,0.9999348
2021_3376_3433,0.99833435
2021_3376_3439,0.92197907
2021_3376_3448,0.9724721
2021_3376_3450,0.989227
2021_3376_3452,0.94882894
2021_3376_3460,0.99786586
2021_3376_3461,0.9969224
2021_3377_3378,0.7352601
2021_3377_3390,0.03762088
2021_3377_3392,0.9697867
2021_3377_3393,0.5250983
2021_3377_3397,0.19774315
2021_3377_3400,0.28878993
2021_3377_3401,0.21419898
2021_3377_3407,0.9766964
2021_3377_3413,0.52458584
2021_3377_3416,0.7868712
2021_3377_3417,0.35344508
2021_3377_3430,0.9972274
2021_3377_3433,0.98370105
2021_3377_3439,0.33467278
2021_3377_3448,0.29561365
2021_3377_3450,0.8410066
2021_3377_3452,0.52643573
2021_3377_3460,0.9268127
2021_3377_3461,0.9022303
2021_3378_3390,0.012386734
2021_3378_3392,0.9443371
2021_3378_3393,0.40902647
2021_3378_3397,0.21285652
2021_3378_3400,0.38779017
2021_3378_3401,0.066142075
2021_3378_3407,0.96009624
2021_3378_3413,0.41992867
2021_3378_3416,0.72476184
2021_3378_3417,0.17717895
2021_3378_3430,0.9854049
2021_3378_3433,0.8673194
2021_3378_3439,0.22557811
2021_3378_3448,0.18564354
2021_3378_3450,0.66246635
2021_3378_3452,0.37966505
2021_3378_3460,0.8507613
2021_3378_3461,0.73923177
2021_3390_3392,0.9994757
2021_3390_3393,0.9777439
2021_3390_3397,0.93127155
2021_3390_3400,0.9686211
2021_3390_3401,0.8724182
2021_3390_3407,0.9995623
2021_3390_3413,0.97571385
2021_3390_3416,0.9922464
2021_3390_3417,0.9158755
2021_3390_3430,0.9998979
2021_3390_3433,0.9983641
2021_3390_3439,0.96962756
2021_3390_3448,0.94294477
2021_3390_3450,0.99222195
2021_3390_3452,0.986446
2021_3390_3460,0.9973185
2021_3390_3461,0.9934728
2021_3392_3393,0.079549894
2021_3392_3397,0.008839241
2021_3392_3400,0.054071505
2021_3392_3401,0.0020259523
2021_3392_3407,0.498014
2021_3392_3413,0.08528796
2021_3392_3416,0.20189027
2021_3392_3417,0.012339682
2021_3392_3430,0.7474733
2021_3392_3433,0.4599667
2021_3392_3439,0.021418713
2021_3392_3448,0.030572625
2021_3392_3450,0.30969456
2021_3392_3452,0.030727398
2021_3392_3460,0.36627737
2021_3392_3461,0.34942654
2021_3393_3397,0.06348782
2021_3393_3400,0.1321646
2021_3393_3401,0.10254811
2021_3393_3407,0.9451261
2021_3393_3413,0.65696317
2021_3393_3416,0.53103405
2021_3393_3417,0.14543267
2021_3393_3430,0.99333984
2021_3393_3433,0.9377764
2021_3393_3439,0.22765225
2021_3393_3448,0.40389857
2021_3393_3450,0.61966294
2021_3393_3452,0.27952263
2021_3393_3460,0.8613748
2021_3393_3461,0.823516
2021_3397_3400,0.75263244
2021_3397_3401,0.72076356
2021_3397_3407,0.9955997
2021_3397_3413,0.9218056
2021_3397_3416,0.84081626
2021_3397_3417,0.4072989
2021_3397_3430,0.9995405
2021_3397_3433,0.9931118
2021_3397_3439,0.7490296
2021_3397_3448,0.8336352
2021_3397_3450,0.95437354
2021_3397_3452,0.89651287
2021_3397_3460,0.98823225
2021_3397_3461,0.9784959
2021_3400_3401,0.39953223
2021_3400_3407,0.98889446
2021_3400_3413,0.8347382
2021_3400_3416,0.61950755
2021_3400_3417,0.2704233
2021_3400_3430,0.99759394
2021_3400_3433,0.9766086
2021_3400_3439,0.50547373
2021_3400_3448,0.6151314
2021_3400_3450,0.82689154
2021_3400_3452,0.7844422
2021_3400_3460,0.947792
2021_3400_3461,0.92216724
2021_3401_3407,0.996076
2021_3401_3413,0.91942877
2021_3401_3416,0.9141926
2021_3401_3417,0.27897602
2021_3401_3430,0.9997706
2021_3401_3433,0.9932083
2021_3401_3439,0.7639223
2021_3401_3448,0.7685748
2021_3401_3450,0.93695736
2021_3401_3452,0.86606497
2021_3401_3460,0.9921738
2021_3401_3461,0.9801274
2021_3407_3413,0.022563463
2021_3407_3416,0.05086962
2021_3407_3417,0.0047110543
2021_3407_3430,0.86450565
2021_3407_3433,0.45285103
2021_3407_3439,0.022671372
2021_3407_3448,0.039102957
2021_3407_3450,0.12051491
2021_3407_3452,0.024395945
2021_3407_3460,0.19009402
2021_3407_3461,0.18858017
2021_3413_3416,0.5182768
2021_3413_3417,0.23012985
2021_3413_3430,0.9891482
2021_3413_3433,0.9508749
2021_3413_3439,0.15210798
2021_3413_3448,0.11228389
2021_3413_3450,0.677652
2021_3413_3452,0.29357013
2021_3413_3460,0.8705519
2021_3413_3461,0.83485067
2021_3416_3417,0.14310905
2021_3416_3430,0.9528688
2021_3416_3433,0.7018007
2021_3416_3439,0.15337972
2021_3416_3448,0.11123801
2021_3416_3450,0.46482745
2021_3416_3452,0.4757223
2021_3416_3460,0.76609135
2021_3416_3461,0.5756106
2021_3417_3430,0.9991235
2021_3417_3433,0.9906232
2021_3417_3439,0.6740019
2021_3417_3448,0.55801094
2021_3417_3450,0.9254625
2021_3417_3452,0.88760096
2021_3417_3460,0.97903943
2021_3417_3461,0.9533488
2021_3430_3433,0.18609948
2021_3430_3439,0.0015437326
2021_3430_3448,0.0032141586
2021_3430_3450,0.048829198
2021_3430_3452,0.0018367979
2021_3430_3460,0.09013613
2021_3430_3461,0.082976885
2021_3433_3439,0.011297334
2021_3433_3448,0.024817755
2021_3433_3450,0.22604387
2021_3433_3452,0.024231609
2021_3433_3460,0.2501717
2021_3433_3461,0.31129736
2021_3439_3448,0.6610764
2021_3439_3450,0.91856647
2021_3439_3452,0.60156345
2021_3439_3460,0.9698108
2021_3439_3461,0.96686196
2021_3448_3450,0.80522454
2021_3448_3452,0.55570686
2021_3448_3460,0.96648693
2021_3448_3461,0.94952494
2021_3450_3452,0.23828943
2021_3450_3460,0.6666311
2021_3450_3461,0.67083925
2021_3452_3460,0.94273067
2021_3452_3461,0.91101205
2021_3460_3461,0.4315205
